{"avg_a": 127.39158311631944, "avg_b": 130.5320236545139}